Cm C/A;Vol Sum;Desplazamiento;KC;MaestraC;KMT;MaestraF;TC (1.025);TC=1;Mu
3,0376;7209,9473;7390,1960;1,5815;-3,3668;15,3483;-3,0223;26,4293;25,7846;203,5416
3,0600;7267,8398;7449,5358;1,5933;-3,3640;15,2693;-3,0172;26,5302;25,8831;203,7857
3,0800;7319,6355;7502,6264;1,6038;-3,3615;15,1995;-3,0128;26,5441;25,8967;204,0019
3,1000;7371,4575;7555,7439;1,6144;-3,3589;15,1307;-3,0083;26,5578;25,9100;204,2160
3,1200;7423,3054;7608,8881;1,6250;-3,3564;15,0628;-3,0038;26,5713;25,9232;204,4282
3,1400;7475,1789;7662,0584;1,6355;-3,3539;14,9957;-2,9994;26,5846;25,9362;204,6385
3,1600;7527,0776;7715,2546;1,6461;-3,3513;14,9295;-2,9949;26,5976;25,9489;204,8469
3,1800;7579,0012;7768,4762;1,6566;-3,3488;14,8641;-2,9905;26,6105;25,9615;205,0536
3,2000;7630,9492;7821,7229;1,6671;-3,3462;14,7994;-2,9860;26,6232;25,9738;205,2585
3,2200;7682,9213;7874,9943;1,6777;-3,3437;14,7356;-2,9816;26,6357;25,9860;205,4616
3,2400;7734,9172;7928,2901;1,6882;-3,3411;14,6725;-2,9772;26,6480;25,9980;205,6632
3,2600;7786,9366;7981,6100;1,6988;-3,3386;14,6101;-2,9727;26,6601;26,0098;205,8631
3,2800;7838,9791;8034,9535;1,7093;-3,3360;14,5484;-2,9683;26,6720;26,0215;206,0614
3,3000;7891,0444;8088,3205;1,7198;-3,3335;14,4875;-2,9638;26,6838;26,0330;206,2583
3,3200;7943,1322;8141,7105;1,7303;-3,3310;14,4272;-2,9594;26,6954;26,0443;206,4537
3,3400;7995,2422;8195,1232;1,7409;-3,3284;14,3675;-2,9550;26,7068;26,0554;206,6477
3,3600;8047,3740;8248,5584;1,7514;-3,3259;14,3086;-2,9505;26,7181;26,0664;206,8404
3,3800;8099,5275;8302,0157;1,7619;-3,3233;14,2502;-2,9460;26,7292;26,0773;207,0317
3,4000;8151,7024;8355,4949;1,7724;-3,3208;14,1925;-2,9416;26,7401;26,0879;207,2218
3,4200;8203,8982;8408,9957;1,7830;-3,3182;14,1354;-2,9371;26,7510;26,0985;207,4107
3,4400;8256,1149;8462,5177;1,7935;-3,3157;14,0789;-2,9326;26,7616;26,1089;207,5985
3,4600;8308,3520;8516,0608;1,8040;-3,3131;14,0229;-2,9280;26,7721;26,1192;207,7851
3,4800;8360,6094;8569,6246;1,8145;-3,3106;13,9676;-2,9235;26,7825;26,1293;207,9707
3,5000;8412,8868;8623,2090;1,8250;-3,3080;13,9128;-2,9189;26,7928;26,1393;208,1553
3,5200;8465,1840;8676,8136;1,8355;-3,3055;13,8585;-2,9143;26,8029;26,1492;208,3390
3,5400;8517,5007;8730,4382;1,8460;-3,3030;13,8048;-2,9097;26,8129;26,1589;208,5217
3,5600;8569,8367;8784,0827;1,8565;-3,3004;13,7516;-2,9051;26,8228;26,1686;208,7036
3,5800;8622,1918;8837,7466;1,8670;-3,2979;13,6990;-2,9004;26,8325;26,1781;208,8847
3,6000;8674,5658;8891,4299;1,8775;-3,2953;13,6469;-2,8957;26,8422;26,1875;209,0650
3,6200;8726,9584;8945,1324;1,8880;-3,2928;13,5952;-2,8909;26,8517;26,1968;209,2447
3,6400;8779,3695;8998,8537;1,8984;-3,2903;13,5441;-2,8861;26,8611;26,2060;209,4236
3,6600;8831,7988;9052,5938;1,9089;-3,2878;13,4935;-2,8813;26,8705;26,2151;209,6020
3,6800;8884,2462;9106,3523;1,9194;-3,2852;13,4434;-2,8764;26,8797;26,2241;209,7798
3,7000;8936,7114;9160,1292;1,9299;-3,2827;13,3937;-2,8715;26,8888;26,2330;209,9571
3,7200;8989,1944;9213,9242;1,9403;-3,2802;13,3445;-2,8665;26,8979;26,2418;210,1340
3,7400;9041,6949;9267,7372;1,9508;-3,2777;13,2958;-2,8615;26,9068;26,2505;210,3104
3,7600;9094,2127;9321,5680;1,9613;-3,2752;13,2476;-2,8564;26,9157;26,2592;210,4865
3,7800;9146,7477;9375,4164;1,9717;-3,2727;13,1999;-2,8513;26,9244;26,2677;210,6622
3,8000;9199,2998;9429,2823;1,9822;-3,2702;13,1526;-2,8461;26,9331;26,2762;210,8377
3,8200;9251,8688;9483,1655;1,9927;-3,2677;13,1057;-2,8408;26,9418;26,2846;211,0129
3,8400;9304,4545;9537,0659;2,0031;-3,2652;13,0593;-2,8355;26,9503;26,2930;211,1880
3,8600;9357,0569;9590,9833;2,0136;-3,2628;13,0134;-2,8301;26,9588;26,3012;211,3630
3,8800;9409,6757;9644,9176;2,0240;-3,2603;12,9679;-2,8246;26,9672;26,3094;211,5378
3,9000;9462,3109;9698,8687;2,0344;-3,2578;12,9229;-2,8190;26,9755;26,3176;211,7126
3,9200;9514,9623;9752,8364;2,0449;-3,2554;12,8783;-2,8134;26,9838;26,3257;211,8874
3,9400;9567,6299;9806,8207;2,0553;-3,2529;12,8341;-2,8076;26,9920;26,3337;212,0623
3,9600;9620,3135;9860,8213;2,0658;-3,2505;12,7904;-2,8018;27,0002;26,3417;212,2373
3,9800;9673,0130;9914,8383;2,0762;-3,2481;12,7471;-2,7959;27,0083;26,3496;212,4124
4,0000;9725,7283;9968,8715;2,0866;-3,2456;12,7043;-2,7899;27,0164;26,3575;212,5877
4,0200;9778,4593;10022,9208;2,0970;-3,2432;12,6619;-2,7838;27,0244;26,3653;212,7632
4,0400;9831,2060;10076,9861;2,1075;-3,2408;12,6199;-2,7776;27,0324;26,3731;212,9390
4,0600;9883,9682;10131,0674;2,1179;-3,2384;12,5784;-2,7713;27,0404;26,3808;213,1151
4,0800;9936,7459;10185,1645;2,1283;-3,2360;12,5373;-2,7648;27,0483;26,3885;213,2915
4,1000;9989,5390;10239,2775;2,1387;-3,2337;12,4967;-2,7583;27,0561;26,3962;213,4684
4,1200;10042,3474;10293,4061;2,1491;-3,2313;12,4564;-2,7516;27,0640;26,4039;213,6457
4,1400;10095,1712;10347,5504;2,1595;-3,2289;12,4166;-2,7448;27,0718;26,4115;213,8234
4,1600;10148,0101;10401,7104;2,1699;-3,2266;12,3773;-2,7379;27,0796;26,4191;214,0017
4,1800;10200,8642;10455,8858;2,1803;-3,2243;12,3384;-2,7309;27,0873;26,4266;214,1806
4,2000;10253,7334;10510,0768;2,1907;-3,2219;12,2999;-2,7237;27,0950;26,4342;214,3600
4,2200;10306,6178;10564,2832;2,2011;-3,2196;12,2618;-2,7164;27,1028;26,4417;214,5401
4,2400;10359,5171;10618,5051;2,2115;-3,2173;12,2242;-2,7089;27,1104;26,4492;214,7208
4,2600;10412,4315;10672,7423;2,2219;-3,2150;12,1870;-2,7013;27,1181;26,4567;214,9023
4,2800;10465,3609;10726,9949;2,2323;-3,2128;12,1503;-2,6935;27,1258;26,4642;215,0845
4,3000;10518,3052;10781,2628;2,2427;-3,2105;12,1139;-2,6856;27,1335;26,4717;215,2676
4,3200;10571,2645;10835,5461;2,2531;-3,2083;12,0781;-2,6775;27,1411;26,4791;215,4514
4,3400;10624,2387;10889,8447;2,2635;-3,2060;12,0426;-2,6693;27,1488;26,4866;215,6361
4,3600;10677,2278;10944,1585;2,2738;-3,2038;12,0076;-2,6609;27,1564;26,4941;215,8217
4,3800;10730,2319;10998,4877;2,2842;-3,2016;11,9730;-2,6523;27,1640;26,5015;216,0083
4,4000;10783,2508;11052,8321;2,2946;-3,1996;11,9389;-2,6435;27,1717;26,5090;216,1958
4,4200;10836,2847;11107,1919;2,3050;-3,1961;11,9052;-2,6346;27,1793;26,5164;216,3843
4,4400;10889,3336;11161,5669;2,3153;-3,1926;11,8719;-2,6255;27,1870;26,5239;216,5738
4,4600;10942,3973;11215,9573;2,3257;-3,1891;11,8391;-2,6162;27,1947;26,5314;216,7644
4,4800;10995,4761;11270,3630;2,3360;-3,1857;11,8067;-2,6067;27,2023;26,5389;216,9561
4,5000;11048,5698;11324,7840;2,3464;-3,1823;11,7748;-2,5970;27,2100;26,5464;217,1490
4,5200;11101,6785;11379,2205;2,3568;-3,1789;11,7432;-2,5871;27,2177;26,5539;217,3430
4,5400;11154,8023;11433,6724;2,3671;-3,1755;11,7122;-2,5769;27,2254;26,5614;217,5382
4,5600;11207,9411;11488,1397;2,3775;-3,1722;11,6815;-2,5666;27,2332;26,5690;217,7346
4,5800;11261,0951;11542,6225;2,3878;-3,1689;11,6513;-2,5561;27,2409;26,5765;217,9323
4,6000;11314,2642;11597,1208;2,3982;-3,1656;11,6216;-2,5453;27,2487;26,5841;218,1312
4,6200;11367,4485;11651,6347;2,4085;-3,1623;11,5922;-2,5343;27,2565;26,5917;218,3315
4,6400;11420,6481;11706,1643;2,4189;-3,1590;11,5634;-2,5231;27,2644;26,5994;218,5331
4,6600;11473,8629;11760,7095;2,4292;-3,1557;11,5349;-2,5117;27,2722;26,6070;218,7360
4,6800;11527,0931;11815,2705;2,4395;-3,1524;11,5069;-2,5000;27,2801;26,6147;218,9404
4,7000;11580,3388;11869,8472;2,4499;-3,1491;11,4793;-2,4880;27,2880;26,6225;219,1461
4,7200;11633,5999;11924,4399;2,4602;-3,1458;11,4522;-2,4759;27,2960;26,6302;219,3533
4,7400;11686,8765;11979,0485;2,4705;-3,1425;11,4254;-2,4634;27,3040;26,6380;219,5620
4,7600;11740,1688;12033,6730;2,4809;-3,1392;11,3992;-2,4508;27,3120;26,6459;219,7721
4,7800;11793,4768;12088,3137;2,4912;-3,1359;11,3733;-2,4378;27,3201;26,6537;219,9838
4,8000;11846,8006;12142,9706;2,5015;-3,1326;11,3479;-2,4246;27,3282;26,6617;220,1970
4,8200;11900,1402;12197,6437;2,5119;-3,1293;11,3229;-2,4111;27,3364;26,6696;220,4117
4,8400;11953,4957;12252,3331;2,5222;-3,1260;11,2984;-2,3974;27,3445;26,6776;220,6280
4,8600;12006,8673;12307,0390;2,5325;-3,1226;11,2742;-2,3834;27,3528;26,6856;220,8459
4,8800;12060,2550;12361,7614;2,5428;-3,1193;11,2505;-2,3691;27,3611;26,6937;221,0654
4,9000;12113,6589;12416,5004;2,5531;-3,1159;11,2272;-2,3545;27,3694;26,7019;221,2865
4,9200;12167,0791;12471,2561;2,5635;-3,1125;11,2043;-2,3396;27,3778;26,7101;221,5093
4,9400;12220,5158;12526,0287;2,5738;-3,1091;11,1819;-2,3244;27,3862;26,7183;221,7337
4,9600;12273,9690;12580,8182;2,5841;-3,1056;11,1599;-2,3090;27,3947;26,7266;221,9598
4,9800;12327,4387;12635,6247;2,5944;-3,1021;11,1382;-2,2932;27,4033;26,7349;222,1876
5,0000;12380,9253;12690,4484;2,6047;-3,0986;11,1170;-2,2771;27,4119;26,7433;222,4172
5,0200;12434,4287;12745,2894;2,6150;-3,0951;11,0962;-2,2608;27,4206;26,7518;222,6484
5,0400;12487,9490;12800,1477;2,6253;-3,0916;11,0758;-2,2441;27,4293;26,7603;222,8814
5,0600;12541,4864;12855,0236;2,6356;-3,0880;11,0558;-2,2271;27,4381;26,7688;223,1161
5,0800;12595,0411;12909,9171;2,6459;-3,0844;11,0362;-2,2097;27,4469;26,7775;223,3526
5,1000;12648,6130;12964,8283;2,6563;-3,0807;11,0169;-2,1921;27,4558;26,7862;223,5908
5,1200;12702,2024;13019,7575;2,6666;-3,0770;10,9981;-2,1741;27,4648;26,7949;223,8309
5,1400;12755,8094;13074,7047;2,6769;-3,0733;10,9797;-2,1558;27,4738;26,8037;224,0727
5,1600;12809,4342;13129,6700;2,6872;-3,0695;10,9616;-2,1372;27,4829;26,8126;224,3163
5,1800;12863,0768;13184,6537;2,6975;-3,0657;10,9439;-2,1182;27,4921;26,8216;224,5617
5,2000;12916,7373;13239,6558;2,7078;-3,0618;10,9266;-2,0989;27,5014;26,8306;224,8090
5,2200;12970,4160;13294,6764;2,7181;-3,0579;10,9096;-2,0792;27,5107;26,8397;225,0580
5,2400;13024,1130;13349,7158;2,7284;-3,0540;10,8930;-2,0592;27,5201;26,8488;225,3089
5,2600;13077,8284;13404,7741;2,7387;-3,0500;10,8768;-2,0388;27,5295;26,8581;225,5616
5,2800;13131,5624;13459,8514;2,7490;-3,0460;10,8609;-2,0181;27,5391;26,8674;225,8162
5,3000;13185,3151;13514,9479;2,7593;-3,0419;10,8454;-1,9970;27,5487;26,8768;226,0725
5,3200;13239,0866;13570,0638;2,7696;-3,0377;10,8302;-1,9756;27,5584;26,8862;226,3308
5,3400;13292,8772;13625,1991;2,7799;-3,0335;10,8154;-1,9538;27,5681;26,8957;226,5908
5,3600;13346,6869;13680,3541;2,7902;-3,0293;10,8008;-1,9316;27,5780;26,9053;226,8527
5,3800;13400,5160;13735,5289;2,8005;-3,0250;10,7866;-1,9091;27,5879;26,9150;227,1164
5,4000;13454,3645;13790,7237;2,8107;-3,0206;10,7728;-1,8862;27,5979;26,9248;227,3820
5,4200;13508,2328;13845,9386;2,8210;-3,0162;10,7592;-1,8629;27,6080;26,9346;227,6494
5,4400;13562,1208;13901,1738;2,8313;-3,0117;10,7459;-1,8393;27,6182;26,9445;227,9186
5,4600;13616,0288;13956,4296;2,8416;-3,0072;10,7330;-1,8153;27,6284;26,9545;228,1897
5,4800;13669,9570;14011,7059;2,8519;-3,0026;10,7203;-1,7909;27,6387;26,9646;228,4625
5,5000;13723,9055;14067,0032;2,8622;-2,9979;10,7079;-1,7661;27,6492;26,9748;228,7372
5,5200;13777,8745;14122,3214;2,8725;-2,9932;10,6958;-1,7410;27,6597;26,9851;229,0137
5,5400;13831,8642;14177,6608;2,8828;-2,9884;10,6840;-1,7154;27,6703;26,9954;229,2920
5,5600;13885,8747;14233,0216;2,8931;-2,9835;10,6724;-1,6895;27,6810;27,0058;229,5721
5,5800;13939,9062;14288,4039;2,9034;-2,9786;10,6611;-1,6632;27,6917;27,0163;229,8540
5,6000;13993,9589;14343,8079;2,9137;-2,9736;10,6501;-1,6365;27,7026;27,0269;230,1377
5,6200;14048,0330;14399,2339;2,9240;-2,9686;10,6393;-1,6094;27,7136;27,0376;230,4231
5,6400;14102,1287;14454,6819;2,9343;-2,9635;10,6287;-1,5819;27,7246;27,0484;230,7103
5,6600;14156,2461;14510,1522;2,9446;-2,9583;10,6183;-1,5541;27,7357;27,0593;230,9993
5,6800;14210,3854;14565,6450;2,9549;-2,9530;10,6082;-1,5258;27,7470;27,0702;231,2899
5,7000;14264,5468;14621,1605;2,9652;-2,9477;10,5983;-1,4972;27,7583;27,0813;231,5823
5,7200;14318,7305;14676,6988;2,9755;-2,9423;10,5886;-1,4681;27,7697;27,0924;231,8764
5,7400;14372,9367;14732,2602;2,9858;-2,9368;10,5790;-1,4387;27,7812;27,1036;232,1721
5,7600;14427,1656;14787,8448;2,9961;-2,9312;10,5697;-1,4089;27,7928;27,1150;232,4696
5,7800;14481,4174;14843,4528;3,0064;-2,9256;10,5606;-1,3787;27,8045;27,1264;232,7687
5,8000;14535,6922;14899,0845;3,0167;-2,9199;10,5516;-1,3481;27,8164;27,1379;233,0694
5,8200;14589,9902;14954,7400;3,0270;-2,9141;10,5428;-1,3171;27,8283;27,1495;233,3717
5,8400;14644,3117;15010,4195;3,0373;-2,9082;10,5341;-1,2857;27,8403;27,1612;233,6756
5,8600;14698,6568;15066,1232;3,0476;-2,9023;10,5256;-1,2540;27,8523;27,1730;233,9811
5,8800;14753,0258;15121,8514;3,0580;-2,8963;10,5172;-1,2218;27,8645;27,1849;234,2882
5,9000;14807,4187;15177,6042;3,0683;-2,8901;10,5090;-1,1893;27,8768;27,1969;234,5967
5,9200;14861,8360;15233,3819;3,0786;-2,8840;10,5009;-1,1564;27,8892;27,2090;234,9068
5,9400;14916,2776;15289,1845;3,0889;-2,8777;10,4929;-1,1231;27,9017;27,2212;235,2183
5,9600;14970,7438;15345,0124;3,0992;-2,8714;10,4850;-1,0894;27,9143;27,2335;235,5313
5,9800;15025,2349;15400,8658;3,1095;-2,8649;10,4772;-1,0554;27,9270;27,2459;235,8458
6,0000;15079,7510;15456,7448;3,1198;-2,8584;10,4695;-1,0209;27,9398;27,2584;236,1616
6,0200;15134,2924;15512,6497;3,1302;-2,8518;10,4618;-0,9862;27,9527;27,2710;236,4788
6,0400;15188,8591;15568,5806;3,1405;-2,8452;10,4543;-0,9510;27,9657;27,2836;236,7973
6,0600;15243,4515;15624,5378;3,1508;-2,8384;10,4468;-0,9155;27,9788;27,2964;237,1172
6,0800;15298,0698;15680,5215;3,1611;-2,8316;10,4394;-0,8796;27,9921;27,3093;237,4383
6,1000;15352,7140;15736,5319;3,1715;-2,8246;10,4320;-0,8433;28,0054;27,3223;237,7607
6,1200;15407,3845;15792,5691;3,1818;-2,8176;10,4246;-0,8067;28,0188;27,3354;238,0843
6,1400;15462,0815;15848,6335;3,1921;-2,8105;10,4173;-0,7698;28,0323;27,3486;238,4091
6,1600;15516,8051;15904,7252;3,2025;-2,8033;10,4100;-0,7325;28,0459;27,3619;238,7351
6,1800;15571,5556;15960,8445;3,2128;-2,7960;10,4028;-0,6948;28,0597;27,3753;239,0621
6,2000;15626,3331;16016,9914;3,2231;-2,7887;10,3955;-0,6568;28,0735;27,3888;239,3903
6,2200;15681,1379;16073,1663;3,2335;-2,7812;10,3883;-0,6185;28,0875;27,4024;239,7195
6,2400;15735,9702;16129,3694;3,2438;-2,7737;10,3810;-0,5799;28,1015;27,4161;240,0496
6,2600;15790,8301;16185,6009;3,2541;-2,7661;10,3737;-0,5409;28,1157;27,4299;240,3808
6,2800;15845,7180;16241,8609;3,2645;-2,7583;10,3665;-0,5017;28,1299;27,4438;240,7129
6,3000;15900,6339;16298,1498;3,2748;-2,7505;10,3591;-0,4621;28,1443;27,4578;241,0458
6,3200;15955,5782;16354,4676;3,2852;-2,7426;10,3518;-0,4222;28,1588;27,4720;241,3797
6,3400;16010,5509;16410,8147;3,2956;-2,7347;10,3444;-0,3821;28,1733;27,4862;241,7143
6,3600;16065,5524;16467,1912;3,3059;-2,7266;10,3370;-0,3416;28,1880;27,5005;242,0497
6,3800;16120,5828;16523,5973;3,3163;-2,7184;10,3296;-0,3009;28,2028;27,5149;242,3857
6,4000;16175,6423;16580,0333;3,3266;-2,7102;10,3220;-0,2599;28,2177;27,5295;242,7225
6,4200;16230,7311;16636,4994;3,3370;-2,7018;10,3145;-0,2186;28,2327;27,5441;243,0599
6,4400;16285,8495;16692,9957;3,3474;-2,6934;10,3068;-0,1771;28,2478;27,5588;243,3979
6,4600;16340,9976;16749,5226;3,3577;-2,6849;10,2991;-0,1353;28,2630;27,5737;243,7364
6,4800;16396,1757;16806,0801;3,3681;-2,6763;10,2914;-0,0933;28,2783;27,5886;244,0754
6,5000;16451,3840;16862,6686;3,3785;-2,6676;10,2835;-0,0511;28,2938;27,6037;244,4148
6,5200;16506,6226;16919,2881;3,3889;-2,6588;10,2756;-0,0086;28,3093;27,6188;244,7546
6,5400;16561,8917;16975,9390;3,3993;-2,6499;10,2676;0,0340;28,3249;27,6341;245,0948
6,5600;16617,1917;17032,6215;3,4096;-2,6409;10,2595;0,0768;28,3407;27,6494;245,4352
6,5800;16672,5226;17089,3356;3,4200;-2,6319;10,2513;0,1199;28,3565;27,6649;245,7759
6,6000;16727,8847;17146,0818;3,4304;-2,6227;10,2430;0,1631;28,3725;27,6805;246,1167
6,6200;16783,2781;17202,8601;3,4408;-2,6135;10,2347;0,2064;28,3885;27,6961;246,4577
6,6400;16838,7031;17259,6707;3,4512;-2,6041;10,2262;0,2500;28,4047;27,7119;246,7987
6,6600;16894,1600;17316,5140;3,4616;-2,5947;10,2177;0,2936;28,4209;27,7278;247,1398
6,6800;16949,6488;17373,3900;3,4720;-2,5852;10,2091;0,3374;28,4373;27,7437;247,4808
6,7000;17005,1697;17430,2990;3,4825;-2,5756;10,2003;0,3813;28,4538;27,7598;247,8217
6,7200;17060,7231;17487,2412;3,4929;-2,5659;10,1915;0,4253;28,4704;27,7760;248,1625
6,7400;17116,3090;17544,2168;3,5033;-2,5561;10,1826;0,4693;28,4870;27,7922;248,5030
6,7600;17171,9277;17601,2259;3,5137;-2,5462;10,1736;0,5135;28,5038;27,8086;248,8433
6,7800;17227,5794;17658,2689;3,5241;-2,5362;10,1645;0,5577;28,5207;27,8251;249,1832
6,8000;17283,2643;17715,3459;3,5346;-2,5262;10,1554;0,6019;28,5377;27,8417;249,5227
6,8200;17338,9825;17772,4570;3,5450;-2,5160;10,1462;0,6462;28,5548;27,8583;249,8618
6,8400;17394,7342;17829,6026;3,5554;-2,5058;10,1368;0,6904;28,5720;27,8751;250,2004
6,8600;17450,5197;17886,7827;3,5659;-2,4954;10,1275;0,7347;28,5893;27,8920;250,5383
6,8800;17506,3392;17943,9977;3,5763;-2,4850;10,1180;0,7789;28,6067;27,9089;250,8756
6,9000;17562,1927;18001,2476;3,5868;-2,4745;10,1085;0,8231;28,6241;27,9260;251,2122
6,9200;17618,0806;18058,5326;3,5972;-2,4639;10,0990;0,8672;28,6417;27,9432;251,5481
6,9400;17674,0030;18115,8531;3,6077;-2,4532;10,0894;0,9112;28,6594;27,9604;251,8830
6,9600;17729,9601;18173,2091;3,6182;-2,4425;10,0798;0,9552;28,6772;27,9778;252,2171
6,9800;17785,9520;18230,6008;3,6286;-2,4316;10,0701;0,9990;28,6951;27,9952;252,5501
7,0000;17841,9790;18288,0285;3,6391;-2,4206;10,0605;1,0427;28,7131;28,0127;252,8821
7,0200;17898,0413;18345,4923;3,6496;-2,4096;10,0508;1,0862;28,7311;28,0304;253,2130
7,0400;17954,1390;18402,9924;3,6600;-2,3985;10,0411;1,1328;28,7493;28,0481;253,5427
7,0600;18010,2722;18460,5290;3,6705;-2,3873;10,0315;1,1804;28,7676;28,0659;253,8711
7,0800;18066,4413;18518,1023;3,6810;-2,3760;10,0219;1,2281;28,7859;28,0838;254,1982
7,1000;18122,6463;18575,7124;3,6915;-2,3646;10,0123;1,2757;28,8044;28,1018;254,5239
7,1200;18178,8874;18633,3596;3,7020;-2,3531;10,0028;1,3232;28,8229;28,1199;254,8481
7,1400;18235,1649;18691,0440;3,7125;-2,3416;9,9934;1,3708;28,8416;28,1381;255,1707
7,1600;18291,4788;18748,7657;3,7230;-2,3299;9,9841;1,4184;28,8603;28,1564;255,4917
7,1800;18347,8293;18806,5251;3,7335;-2,3182;9,9749;1,4659;28,8791;28,1747;255,8110
7,2000;18404,2167;18864,3221;3,7441;-2,3064;9,9658;1,5135;28,8980;28,1932;256,1285
7,2200;18460,6411;18922,1571;3,7546;-2,2945;9,9569;1,5610;28,9170;28,2117;256,4442
7,2400;18517,1026;18980,0301;3,7651;-2,2826;9,9482;1,6086;28,9361;28,2303;256,7579
7,2600;18573,6014;19037,9414;3,7756;-2,2705;9,9396;1,6562;28,9552;28,2490;257,0695
7,2800;18630,1376;19095,8911;3,7862;-2,2584;9,9313;1,7038;28,9745;28,2678;257,3791
7,3000;18686,7115;19153,8793;3,7967;-2,2462;9,9232;1,7514;28,9938;28,2866;257,6865
7,3200;18743,3232;19211,9063;3,8073;-2,2339;9,9154;1,7990;29,0132;28,3056;257,9917
7,3400;18799,9729;19269,9722;3,8178;-2,2215;9,9078;1,8466;29,0327;28,3246;258,2945
7,3600;18856,6606;19328,0771;3,8284;-2,2090;9,9006;1,8943;29,0523;28,3437;258,5948
7,3800;18913,3866;19386,2212;3,8389;-2,1965;9,8938;1,9419;29,0720;28,3629;258,8927
7,4000;18970,1509;19444,4047;3,8495;-2,1839;9,8873;1,9896;29,0917;28,3821;259,1880
7,4200;19026,9538;19502,6277;3,8601;-2,1712;9,8812;2,0373;29,1115;28,4015;259,4806
7,4400;19083,7954;19560,8903;3,8706;-2,1584;9,8756;2,0850;29,1314;28,4209;259,7705
7,4600;19140,6758;19619,1927;3,8812;-2,1456;9,8704;2,1327;29,1514;28,4404;260,0575
7,4800;19197,5952;19677,5351;3,8918;-2,1327;9,8658;2,1805;29,1714;28,4599;260,3416
7,5000;19254,5537;19735,9175;3,9024;-2,1197;9,8617;2,2282;29,1915;28,4795;260,6226
7,5200;19311,5514;19794,3402;3,9130;-2,1066;9,8582;2,2760;29,2117;28,4992;260,9006
7,5400;19368,5885;19852,8032;3,9236;-2,0934;9,8553;2,3238;29,2319;28,5190;261,1754
7,5600;19425,6651;19911,3068;3,9342;-2,0802;9,8531;2,3716;29,2523;28,5388;261,4469
7,5800;19482,7814;19969,8509;3,9448;-2,0669;9,8517;2,4193;29,2726;28,5587;261,7151
7,6000;19539,9374;20028,4358;3,9554;-2,0535;9,8509;2,4671;29,2931;28,5786;261,9797
7,6200;19597,1332;20087,0616;3,9661;-2,0401;9,8510;2,5149;29,3136;28,5986;262,2409
7,6400;19654,3691;20145,7284;3,9767;-2,0266;9,8519;2,5627;29,3342;28,6187;262,4984
7,6600;19711,6451;20204,4363;3,9873;-2,0130;9,8537;2,6104;29,3548;28,6388;262,7522
7,6800;19768,9614;20263,1854;3,9980;-1,9994;9,8564;2,6582;29,3755;28,6590;263,0022
7,7000;19826,3180;20321,9759;4,0086;-1,9856;9,8601;2,7059;29,3962;28,6793;263,2482
7,7200;19883,7150;20380,8079;4,0193;-1,9719;9,8649;2,7536;29,4171;28,6996;263,4903
7,7400;19941,1527;20439,6815;4,0299;-1,9580;9,8708;2,8013;29,4379;28,7199;263,7283
7,7600;19998,6310;20498,5967;4,0406;-1,9441;9,8779;2,8489;29,4588;28,7403;263,9621
7,7800;20056,1500;20557,5538;4,0513;-1,9301;9,8861;2,8965;29,4798;28,7608;264,1916
7,8000;20113,7100;20616,5527;4,0619;-1,9160;9,8957;2,9440;29,5008;28,7813;264,4167
7,8200;20171,3109;20675,5937;4,0726;-1,9019;9,9065;2,9915;29,5219;28,8018;264,6373
7,8400;20228,9529;20734,6767;4,0833;-1,8877;9,9188;3,0390;29,5430;28,8224;264,8534
7,8600;20286,6360;20793,8019;4,0940;-1,8735;9,9326;3,0864;29,5641;28,8430;265,0648
7,8800;20344,3604;20852,9694;4,1047;-1,8592;9,9479;3,1337;29,5853;28,8637;265,2715
7,9000;20402,1261;20912,1793;4,1154;-1,8448;9,9648;3,1809;29,6065;28,8844;265,4733
7,9200;20459,9332;20971,4315;4,1261;-1,8304;9,9692;3,2281;29,6278;28,9051;265,8617
7,9400;20517,7818;21030,7264;4,1368;-1,8159;9,9677;3,2752;29,6491;28,9259;266,4460
7,9600;20575,6720;21090,0638;4,1475;-1,8014;9,9663;3,3222;29,6704;28,9467;267,0337
7,9800;20633,6038;21149,4439;4,1583;-1,7868;9,9651;3,3691;29,6918;28,9676;267,6248
8,0000;20691,5773;21208,8667;4,1690;-1,7721;9,9640;3,4159;29,7132;28,9884;268,2192
8,0200;20749,5925;21268,3323;4,1797;-1,7574;9,9631;3,4625;29,7346;29,0093;268,8168
8,0400;20807,6496;21327,8408;4,1905;-1,7426;9,9623;3,5091;29,7560;29,0303;269,4174
8,0600;20865,7486;21387,3923;4,2012;-1,7278;9,9617;3,5555;29,7775;29,0512;270,0209
8,0800;20923,8895;21446,9867;4,2120;-1,7129;9,9612;3,6018;29,7990;29,0722;270,6273
8,1000;20982,0724;21506,6242;4,2227;-1,6980;9,9609;3,6480;29,8205;29,0931;271,2365
8,1200;21040,2974;21566,3048;4,2335;-1,6830;9,9606;3,6940;29,8420;29,1141;271,8482
8,1400;21098,5645;21626,0286;4,2443;-1,6680;9,9606;3,7398;29,8635;29,1351;272,4625
8,1600;21156,8736;21685,7955;4,2550;-1,6529;9,9606;3,7855;29,8851;29,1562;273,0792
8,1800;21215,2250;21745,6056;4,2658;-1,6378;9,9608;3,8311;29,9066;29,1772;273,6982
8,2000;21273,6186;21805,4590;4,2766;-1,6226;9,9610;3,8764;29,9282;29,1982;274,3195
8,2200;21332,0544;21865,3557;4,2874;-1,6073;9,9614;3,9216;29,9497;29,2192;274,9428
8,2400;21390,5324;21925,2958;4,2982;-1,5921;9,9619;3,9665;29,9713;29,2403;275,5681
8,2600;21449,0528;21985,2791;4,3090;-1,5768;9,9625;4,0113;29,9928;29,2613;276,1953
8,2800;21507,6155;22045,3059;4,3198;-1,5614;9,9633;4,0559;30,0144;29,2823;276,8242
8,3000;21566,2205;22105,3760;4,3306;-1,5460;9,9641;4,1002;30,0359;29,3033;277,4549
8,3200;21624,8678;22165,4895;4,3414;-1,5305;9,9650;4,1443;30,0574;29,3243;278,0871
8,3400;21683,5575;22225,6464;4,3523;-1,5150;9,9660;4,1882;30,0790;29,3453;278,7207
8,3600;21742,2895;22285,8468;4,3631;-1,4995;9,9671;4,2319;30,1004;29,3663;279,3557
8,3800;21801,0639;22346,0905;4,3739;-1,4839;9,9683;4,2753;30,1219;29,3872;279,9920
8,4000;21859,8807;22406,3777;4,3848;-1,4683;9,9695;4,3185;30,1434;29,4082;280,6293
8,4200;21918,7398;22466,7082;4,3956;-1,4527;9,9709;4,3614;30,1648;29,4291;281,2677
8,4400;21977,6412;22527,0822;4,4065;-1,4370;9,9723;4,4040;30,1862;29,4500;281,9071
8,4600;22036,5849;22587,4996;4,4173;-1,4213;9,9738;4,4464;30,2076;29,4708;282,5472
8,4800;22095,5710;22647,9603;4,4282;-1,4055;9,9753;4,4885;30,2289;29,4916;283,1880
8,5000;22154,8760;22708,7479;4,4391;-1,3897;9,9770;4,5302;30,2502;29,5124;283,8295
8,5200;22213,9028;22769,2504;4,4500;-1,3739;9,9787;4,5717;30,2715;29,5332;284,4714
8,5400;22272,9750;22829,7994;4,4608;-1,3581;9,9805;4,6129;30,2927;29,5539;285,1138
8,5600;22332,0924;22890,3947;4,4717;-1,3422;9,9823;4,6538;30,3139;29,5745;285,7564
8,5800;22391,2548;22951,0361;4,4826;-1,3263;9,9842;4,6944;30,3350;29,5951;286,3991
8,6000;22450,4619;23011,7234;4,4935;-1,3103;9,9861;4,7346;30,3560;29,6156;287,0420
8,6200;22509,7136;23072,4564;4,5044;-1,2944;9,9881;4,7745;30,3770;29,6361;287,6848
8,6400;22569,0095;23133,2348;4,5153;-1,2784;9,9902;4,8140;30,3980;29,6566;288,3274
8,6600;22628,3496;23194,0583;4,5263;-1,2624;9,9923;4,8532;30,4189;29,6769;288,9698
8,6800;22687,7335;23254,9269;4,5372;-1,2463;9,9945;4,8921;30,4397;29,6972;289,6119
8,7000;22747,1611;23315,8402;4,5481;-1,2303;9,9967;4,9306;30,4604;29,7175;290,2535
8,7200;22806,6321;23376,7980;4,5590;-1,2142;9,9989;4,9687;30,4810;29,7376;290,8945
8,7400;22866,1464;23437,8001;4,5700;-1,1981;10,0012;5,0064;30,5016;29,7577;291,5348
8,7600;22925,7036;23498,8462;4,5809;-1,1819;10,0035;5,0438;30,5221;29,7777;292,1743
8,7800;22985,3037;23559,9363;4,5919;-1,1658;10,0059;5,0808;30,5425;29,7976;292,8129
8,8000;23044,9463;23621,0699;4,6028;-1,1496;10,0083;5,1174;30,5668;29,8213;293,4506
8,8200;23104,6312;23682,2470;4,6138;-1,1334;10,0108;5,1535;30,5885;29,8425;294,0871
8,8400;23164,3583;23743,4673;4,6247;-1,1172;10,0133;5,1893;30,6101;29,8635;294,7224
8,8600;23224,1273;23804,7305;4,6357;-1,1010;10,0158;5,2247;30,6316;29,8845;295,3564
8,8800;23283,9381;23866,0365;4,6467;-1,0848;10,0183;5,2596;30,6530;29,9054;295,9889
8,9000;23343,7903;23927,3850;4,6577;-1,0686;10,0209;5,2941;30,6743;29,9261;296,6199
8,9200;23403,6838;23988,7759;4,6686;-1,0523;10,0235;5,3282;30,6954;29,9467;297,2493
8,9400;23463,6183;24050,2087;4,6796;-1,0360;10,0261;5,3618;30,7164;29,9673;297,8769
8,9600;23523,5937;24111,6835;4,6906;-1,0198;10,0288;5,3951;30,7374;29,9877;298,5027
8,9800;23583,6096;24173,1999;4,7016;-1,0035;10,0314;5,4278;30,7582;30,0080;299,1265
9,0000;23643,6660;24234,7577;4,7126;-0,9872;10,0341;5,4601;30,7789;30,0282;299,7482
9,0200;23703,7626;24296,3566;4,7236;-0,9709;10,0369;5,4920;30,7995;30,0483;300,3678
9,0400;23763,8991;24357,9965;4,7346;-0,9546;10,0396;5,5233;30,8200;30,0683;300,9850
9,0600;23824,0753;24419,6772;4,7457;-0,9383;10,0424;5,5543;30,8403;30,0881;301,5999
9,0800;23884,2910;24481,3983;4,7567;-0,9220;10,0451;5,5847;30,8606;30,1079;302,2123
9,1000;23944,5460;24543,1597;4,7677;-0,9057;10,0479;5,6147;30,8807;30,1275;302,8221
9,1200;24004,8401;24604,9611;4,7787;-0,8894;10,0507;5,6442;30,9007;30,1470;303,4291
9,1400;24065,1730;24666,8023;4,7898;-0,8731;10,0536;5,6732;30,9206;30,1664;304,0334
9,1600;24125,5445;24728,6831;4,8008;-0,8567;10,0564;5,7017;30,9404;30,1857;304,6347
9,1800;24185,9543;24790,6032;4,8118;-0,8404;10,0592;5,7297;30,9600;30,2049;305,2330
9,2000;24246,4023;24852,5623;4,8229;-0,8241;10,0621;5,7572;30,9796;30,2240;305,8281
9,2200;24306,8882;24914,5604;4,8339;-0,8078;10,0650;5,7842;30,9990;30,2429;306,4200
9,2400;24367,4117;24976,5970;4,8450;-0,7915;10,0679;5,8107;31,0183;30,2618;307,0086
9,2600;24427,9727;25038,6720;4,8561;-0,7752;10,0708;5,8368;31,0375;30,2805;307,5936
9,2800;24488,5708;25100,7851;4,8671;-0,7590;10,0737;5,8623;31,0565;30,2991;308,1752
9,3000;24549,2059;25162,9360;4,8782;-0,7427;10,0766;5,8872;31,0755;30,3175;308,7530
9,3200;24609,8777;25225,1246;4,8893;-0,7264;10,0795;5,9117;31,0943;30,3359;309,3271
9,3400;24670,5859;25287,3506;4,9004;-0,7102;10,0824;5,9356;31,1130;30,3541;309,8973
9,3600;24731,3304;25349,6136;4,9114;-0,6939;10,0853;5,9591;31,1315;30,3722;310,4634
9,3800;24792,1108;25411,9135;4,9225;-0,6777;10,0883;5,9820;31,1500;30,3902;311,0255
9,4000;24852,9269;25474,2501;4,9336;-0,6615;10,0912;6,0043;31,1683;30,4081;311,5834
9,4200;24913,7785;25536,6229;4,9447;-0,6453;10,0942;6,0262;31,1864;30,4258;312,1369
9,4400;24974,6653;25599,0319;4,9558;-0,6291;10,0971;6,0475;31,2045;30,4434;312,6861
9,4600;25035,5870;25661,4767;4,9669;-0,6129;10,1001;6,0683;31,2224;30,4609;313,2307
9,4800;25096,5434;25723,9570;4,9780;-0,5968;10,1030;6,0885;31,2402;30,4782;313,7707
9,5000;25157,5343;25786,4726;4,9891;-0,5806;10,1060;6,1082;31,2578;30,4954;314,3059
9,5200;25218,5593;25849,0233;5,0002;-0,5645;10,1090;6,1274;31,2753;30,5125;314,8363
9,5400;25279,6182;25911,6087;5,0113;-0,5484;10,1119;6,1460;31,2927;30,5295;315,3617
9,5600;25340,7108;25974,2286;5,0224;-0,5324;10,1149;6,1641;31,3099;30,5463;315,8821
9,5800;25401,8368;26036,8827;5,0336;-0,5163;10,1179;6,1817;31,3270;30,5630;316,3973
9,6000;25462,9958;26099,5707;5,0447;-0,5003;10,1209;6,1987;31,3440;30,5795;316,9072
9,6200;25524,1877;26162,2924;5,0558;-0,4843;10,1238;6,2152;31,3608;30,5959;317,4117
9,6400;25585,4121;26225,0474;5,0669;-0,4683;10,1268;6,2312;31,3775;30,6122;317,9108
9,6600;25646,6688;26287,8355;5,0781;-0,4524;10,1298;6,2466;31,3941;30,6284;318,4042
9,6800;25707,9575;26350,6564;5,0892;-0,4365;10,1328;6,2614;31,4105;30,6444;318,8920
9,7000;25769,2779;26413,5099;5,1003;-0,4206;10,1358;6,2758;31,4267;30,6602;319,3739
9,7200;25830,6298;26476,3955;5,1115;-0,4047;10,1388;6,2895;31,4428;30,6759;319,8499
9,7400;25892,0128;26539,3132;5,1226;-0,3889;10,1417;6,3028;31,4588;30,6915;320,3199
9,7600;25953,4267;26602,2624;5,1338;-0,3731;10,1447;6,3155;31,4746;30,7069;320,7838
9,7800;26014,8712;26665,2430;5,1449;-0,3573;10,1477;6,3277;31,4903;30,7222;321,2414
9,8000;26076,3460;26728,2546;5,1561;-0,3416;10,1507;6,3393;31,5058;30,7374;321,6927
9,8200;26137,8508;26791,2970;5,1672;-0,3259;10,1537;6,3504;31,5212;30,7524;322,1375
9,8400;26199,3853;26854,3699;5,1784;-0,3103;10,1567;6,3610;31,5364;30,7672;322,5758
9,8600;26260,9492;26917,4729;5,1895;-0,2946;10,1597;6,3711;31,5515;30,7820;323,0074
9,8800;26322,5422;26980,6058;5,2007;-0,2790;10,1627;6,3806;31,5664;30,7965;323,4322
9,9000;26384,1641;27043,7682;5,2118;-0,2635;10,1656;6,3896;31,5812;30,8109;323,8501
9,9200;26445,8145;27106,9599;5,2230;-0,2480;10,1686;6,3981;31,5958;30,8252;324,2611
9,9400;26507,4931;27170,1804;5,2342;-0,2325;10,1716;6,4060;31,6103;30,8393;324,6650
9,9600;26569,1997;27233,4297;5,2453;-0,2171;10,1746;6,4135;31,6246;30,8533;325,0616
9,9800;26630,9339;27296,7072;5,2565;-0,2017;10,1776;6,4204;31,6388;30,8671;325,4510
10,0000;26692,6954;27360,0127;5,2677;-0,1864;10,1806;6,4268;31,6528;30,8808;325,8330
10,0200;26754,4839;27423,3460;5,2788;-0,1711;10,1836;6,4327;31,6666;30,8943;326,2074
10,0400;26816,2991;27486,7066;5,2900;-0,1558;10,1866;6,4381;31,6803;30,9076;326,5742
10,0600;26878,1408;27550,0943;5,3012;-0,1406;10,1896;6,4430;31,6938;30,9208;326,9333
10,0800;26940,0085;27613,5087;5,3123;-0,1255;10,1926;6,4474;31,7072;30,9339;327,2845
10,1000;27001,9020;27676,9496;5,3235;-0,1104;10,1956;6,4513;31,7204;30,9468;327,6278
10,1200;27063,8210;27740,4166;5,3347;-0,0953;10,1986;6,4547;31,7335;30,9595;327,9630
10,1400;27125,7652;27803,9094;5,3458;-0,0803;10,2016;6,4576;31,7464;30,9721;328,2901
10,1600;27187,7343;27867,4276;5,3570;-0,0653;10,2047;6,4601;31,7591;30,9845;328,6089
10,1800;27249,7279;27930,9711;5,3682;-0,0504;10,2077;6,4620;31,7717;30,9968;328,9193
10,2000;27311,7457;27994,5393;5,3794;-0,0356;10,2107;6,4635;31,7841;31,0089;329,2212
10,2200;27373,7875;28058,1322;5,3905;-0,0208;10,2137;6,4645;31,7964;31,0209;329,5146
10,2400;27435,8528;28121,7492;5,4017;-0,0060;10,2168;6,4651;31,8085;31,0327;329,7992
10,2600;27497,9415;28185,3901;5,4129;0,0087;10,2198;6,4652;31,8205;31,0443;330,0751
10,2800;27560,0532;28249,0546;5,4241;0,0233;10,2228;6,4649;31,8322;31,0558;330,3420
10,3000;27622,1876;28312,7423;5,4352;0,0379;10,2259;6,4640;31,8439;31,0672;330,6000
10,3200;27684,3443;28376,4529;5,4464;0,0525;10,2289;6,4628;31,8553;31,0784;330,8488
10,3400;27746,5231;28440,1862;5,4576;0,0669;10,2320;6,4611;31,8666;31,0894;331,0884
10,3600;27808,7237;28503,9418;5,4688;0,0814;10,2350;6,4590;31,8778;31,1003;331,3186
10,3800;27870,9457;28567,7194;5,4799;0,0957;10,2381;6,4565;31,8888;31,1110;331,5394
10,4000;27933,1889;28631,5186;5,4911;0,1100;10,2412;6,4535;31,8996;31,1216;331,7506
10,4200;27995,4528;28695,3392;5,5023;0,1242;10,2443;6,4501;31,9103;31,1320;331,9522
10,4400;28057,7374;28759,1808;5,5134;0,1384;10,2473;6,4463;31,9208;31,1423;332,1440
10,4600;28120,0421;28823,0431;5,5246;0,1525;10,2504;6,4421;31,9312;31,1524;332,3260
10,4800;28182,3667;28886,9259;5,5358;0,1666;10,2535;6,4376;31,9414;31,1623;332,4980
10,5000;28244,7110;28950,8288;5,5469;0,1806;10,2567;6,4326;31,9514;31,1721;332,6599
10,5200;28307,0746;29014,7514;5,5581;0,1945;10,2598;6,4272;31,9613;31,1818;332,8116
10,5400;28369,4571;29078,6936;5,5693;0,2084;10,2629;6,4215;31,9711;31,1913;332,9530
10,5600;28431,8585;29142,6549;5,5804;0,2222;10,2660;6,4154;31,9807;31,2007;333,1945
10,5800;28494,2782;29206,6352;5,5916;0,2359;10,2692;6,4089;31,9901;31,2099;333,4936
10,6000;28556,7161;29270,6340;5,6027;0,2496;10,2723;6,4021;31,9994;31,2189;333,7927
10,6200;28619,1718;29334,6511;5,6139;0,2632;10,2755;6,3949;32,0086;31,2279;334,0918
10,6400;28681,6451;29398,6862;5,6250;0,2767;10,2787;6,3874;32,0176;31,2366;334,3909
10,6600;28744,1357;29462,7390;5,6362;0,2902;10,2819;6,3796;32,0264;31,2453;334,6899
10,6800;28806,6432;29526,8093;5,6473;0,3036;10,2851;6,3714;32,0351;31,2538;334,9889
10,7000;28869,1675;29590,8967;5,6585;0,3169;10,2883;6,3629;32,0437;31,2621;335,2879
10,7200;28931,7082;29655,0009;5,6696;0,3301;10,2915;6,3541;32,0521;31,2704;335,5869
10,7400;28994,2651;29719,1218;5,6807;0,3433;10,2948;6,3450;32,0604;31,2785;335,8860
10,7600;29056,8379;29783,2589;5,6919;0,3564;10,2980;6,3356;32,0686;31,2864;336,1850
10,7800;29119,4264;29847,4121;5,7030;0,3695;10,3013;6,3259;32,0766;31,2942;336,4841
10,8000;29182,0302;29911,5810;5,7141;0,3824;10,3046;6,3159;32,0845;31,3019;336,7832
10,8200;29244,6492;29975,7655;5,7252;0,3953;10,3079;6,3056;32,0922;31,3095;337,0823
10,8400;29307,2831;30039,9652;5,7364;0,4082;10,3112;6,2951;32,0999;31,3169;337,3815
10,8600;29369,9316;30104,1799;5,7475;0,4209;10,3145;6,2843;32,1074;31,3243;337,6807
10,8800;29432,5945;30168,4094;5,7586;0,4336;10,3178;6,2733;32,1147;31,3315;337,9800
10,9000;29495,2716;30232,6534;5,7697;0,4462;10,3212;6,2620;32,1220;31,3385;338,2794
10,9200;29557,9626;30296,9116;5,7808;0,4587;10,3245;6,2505;32,1291;31,3455;338,5788
10,9400;29620,6673;30361,1840;5,7919;0,4712;10,3279;6,2387;32,1362;31,3524;338,8783
10,9600;29683,3855;30425,4701;5,8030;0,4836;10,3313;6,2267;32,1431;31,3591;339,1779
10,9800;29746,1170;30489,7699;5,8141;0,4959;10,3347;6,2145;32,1499;31,3657;339,4776
11,0000;29808,8616;30554,0831;5,8252;0,5081;10,3382;6,2021;32,1566;31,3723;339,7774
11,0200;29871,6190;30618,4095;5,8362;0,5203;10,3416;6,1895;32,1632;31,3787;340,0773
11,0400;29934,3891;30682,7489;5,8473;0,5323;10,3451;6,1768;32,1697;31,3851;340,3773
11,0600;29997,1718;30747,1011;5,8584;0,5443;10,3486;6,1638;32,1761;31,3913;340,6774
11,0800;30059,9667;30811,4659;5,8694;0,5563;10,3521;6,1506;32,1824;31,3975;340,9777
11,1000;30122,7738;30875,8432;5,8805;0,5681;10,3556;6,1373;32,1886;31,4035;341,2781
11,1200;30185,5929;30940,2327;5,8915;0,5799;10,3592;6,1238;32,1948;31,4095;341,5786
11,1400;30248,4238;31004,6344;5,9026;0,5916;10,3627;6,1102;32,2008;31,4155;341,8793
11,1600;30311,2664;31069,0481;5,9136;0,6032;10,3663;6,0964;32,2068;31,4213;342,1802
11,1800;30374,1206;31133,4736;5,9247;0,6147;10,3699;6,0825;32,2127;31,4271;342,4812
11,2000;30436,9861;31197,9108;5,9357;0,6261;10,3735;6,0685;32,2186;31,4328;342,7824
11,2200;30499,8630;31262,3596;5,9467;0,6375;10,3772;6,0543;32,2244;31,4384;343,0838
11,2400;30562,7510;31326,8198;5,9577;0,6488;10,3809;6,0400;32,2301;31,4440;343,3853
11,2600;30625,6501;31391,2914;5,9687;0,6600;10,3845;6,0256;32,2358;31,4496;343,6871
11,2800;30688,5602;31455,7743;5,9797;0,6712;10,3883;6,0111;32,2414;31,4551;343,9890
11,3000;30751,4813;31520,2683;5,9907;0,6822;10,3920;5,9965;32,2470;31,4605;344,2912
11,3200;30814,4131;31584,7734;6,0017;0,6932;10,3957;5,9818;32,2526;31,4659;344,5936
11,3400;30877,3557;31649,2896;6,0127;0,7041;10,3995;5,9671;32,2581;31,4713;344,8962
11,3600;30940,3090;31713,8168;6,0236;0,7149;10,4033;5,9522;32,2636;31,4767;345,1990
11,3800;31003,2730;31778,3549;6,0346;0,7256;10,4071;5,9373;32,2691;31,4820;345,5020
11,4000;31066,2477;31842,9039;6,0455;0,7363;10,4110;5,9223;32,2745;31,4873;345,8053
11,4200;31129,2330;31907,4638;6,0565;0,7469;10,4148;5,9073;32,2800;31,4926;346,1089
11,4400;31192,2289;31972,0346;6,0674;0,7574;10,4187;5,8922;32,2854;31,4980;346,4127
11,4600;31255,2355;32036,6163;6,0783;0,7678;10,4226;5,8771;32,2909;31,5033;346,7168
11,4800;31318,2527;32101,2090;6,0892;0,7781;10,4266;5,8619;32,2963;31,5086;347,0211
11,5000;31381,2806;32165,8126;6,1002;0,7884;10,4305;5,8467;32,3018;31,5140;347,3257
11,5200;31444,3192;32230,4272;6,1111;0,7986;10,4345;5,8314;32,3073;31,5193;347,6306
11,5400;31507,3686;32295,0529;6,1219;0,8087;10,4385;5,8162;32,3128;31,5247;347,9358
11,5600;31570,4289;32359,6897;6,1328;0,8187;10,4426;5,8009;32,3184;31,5302;348,2413
11,5800;31633,5002;32424,3377;6,1437;0,8286;10,4466;5,7856;32,3240;31,5356;348,5471
11,6000;31696,5825;32488,9971;6,1545;0,8385;10,4507;5,7703;32,3297;31,5412;348,8532
11,6200;31759,6760;32553,6679;6,1654;0,8483;10,4548;5,7550;32,3354;31,5467;349,1597
11,6400;31822,7808;32618,3504;6,1762;0,8580;10,4589;5,7397;32,3412;31,5524;349,4664
11,6600;31885,8971;32683,0445;6,1871;0,8676;10,4631;5,7244;32,3471;31,5581;349,7735
11,6800;31949,0250;32747,7506;6,1979;0,8772;10,4673;5,7091;32,3530;31,5639;350,0810
11,7000;32012,1647;32812,4688;6,2087;0,8866;10,4715;5,6938;32,3591;31,5698;350,3888
11,7200;32075,3164;32877,1993;6,2195;0,8960;10,4757;5,6785;32,3652;31,5758;350,6969
11,7400;32138,4803;32941,9423;6,2302;0,9054;10,4800;5,6633;32,3715;31,5819;351,0054
11,7600;32201,6566;33006,6980;6,2410;0,9146;10,4843;5,6480;32,3779;31,5882;351,3143
11,7800;32264,8456;33071,4667;6,2518;0,9238;10,4886;5,6328;32,3844;31,5945;351,6235
11,8000;32328,0476;33136,2488;6,2625;0,9329;10,4929;5,6176;32,3910;31,6010;351,9332
11,8200;32391,2628;33201,0443;6,2733;0,9419;10,4973;5,6024;32,3978;31,6076;352,2432
11,8400;32454,4915;33265,8538;6,2840;0,9508;10,5017;5,5873;32,4047;31,6144;352,5536
11,8600;32517,7341;33330,6774;6,2947;0,9597;10,5061;5,5722;32,4118;31,6213;352,8644
11,8800;32580,9909;33395,5157;6,3054;0,9684;10,5105;5,5571;32,4191;31,6284;353,1757
11,9000;32644,2622;33460,3688;6,3161;0,9772;10,5150;5,5420;32,4266;31,6357;353,4874
11,9200;32707,5485;33525,2372;6,3267;0,9858;10,5195;5,5270;32,4342;31,6431;353,7994
11,9400;32770,8502;33590,1214;6,3374;0,9944;10,5240;5,5120;32,4421;31,6508;354,1120
11,9600;32834,1675;33655,0217;6,3480;1,0029;10,5285;5,4970;32,4502;31,6587;354,4249
11,9800;32897,5011;33719,9387;6,3587;1,0113;10,5331;5,4820;32,4585;31,6668;354,7383
12,0000;32960,8514;33784,8727;6,3693;1,0196;10,5377;5,4671;32,4670;31,6751;355,0522
12,0200;33024,2188;33849,8242;6,3799;1,0279;10,5423;5,4522;32,4758;31,6837;355,3665
12,0400;33087,6038;33914,7939;6,3905;1,0361;10,5470;5,4373;32,4848;31,6925;355,6813
12,0600;33151,0071;33979,7822;6,4011;1,0443;10,5516;5,4224;32,4942;31,7016;355,9966
12,0800;33214,4291;34044,7898;6,4116;1,0524;10,5563;5,4076;32,5038;31,7110;356,3123
12,1000;33277,8704;34109,8171;6,4222;1,0604;10,5611;5,3927;32,5137;31,7207;356,6286
12,1200;33341,3316;34174,8649;6,4327;1,0683;10,5658;5,3779;32,5239;31,7306;356,9453
12,1400;33404,8134;34239,9337;6,4432;1,0762;10,5706;5,3631;32,5344;31,7409;357,2626
12,1600;33468,3163;34305,0242;6,4537;1,0840;10,5754;5,3482;32,5453;31,7515;357,5803
12,1800;33531,8411;34370,1372;6,4642;1,0917;10,5802;5,3334;32,5565;31,7624;357,8986
12,2000;33595,3885;34435,2733;6,4747;1,0994;10,5851;5,3185;32,5680;31,7737;358,2174
12,2200;33658,9592;34500,4332;6,4851;1,1070;10,5900;5,3037;32,5800;31,7853;358,5367
12,2400;33722,5540;34565,6178;6,4955;1,1146;10,5949;5,2888;32,5923;31,7974;358,8566
12,2600;33786,1736;34630,8279;6,5060;1,1221;10,5998;5,2738;32,6050;31,8098;359,1770
12,2800;33849,8188;34696,0642;6,5164;1,1295;10,6048;5,2589;32,6182;31,8226;359,4980
12,3000;33913,4904;34761,3277;6,5267;1,1369;10,6098;5,2438;32,6317;31,8358;359,8195
12,3200;33977,1894;34826,6192;6,5371;1,1442;10,6148;5,2288;32,6457;31,8495;360,1416
12,3400;34040,9167;34891,9396;6,5475;1,1515;10,6198;5,2136;32,6602;31,8636;360,4643
12,3600;34104,6730;34957,2899;6,5578;1,1587;10,6249;5,1984;32,6751;31,8782;360,7876
12,3800;34168,4595;35022,6710;6,5681;1,1658;10,6299;5,1831;32,6906;31,8932;361,1114
12,4000;34232,2770;35088,0840;6,5784;1,1729;10,6350;5,1677;32,7065;31,9088;361,4358
12,4200;34296,1266;35153,5298;6,5887;1,1799;10,6402;5,1521;32,7229;31,9248;361,7609
12,4400;34360,0094;35219,0096;6,5989;1,1869;10,6453;5,1365;32,7399;31,9414;362,0865
12,4600;34423,9263;35284,5244;6,6092;1,1939;10,6505;5,1207;32,7574;31,9585;362,4128
12,4800;34487,8785;35350,0754;6,6194;1,2008;10,6557;5,1048;32,7755;31,9761;362,7397
12,5000;34551,8671;35415,6638;6,6296;1,2076;10,6610;5,0887;32,7942;31,9943;363,0672
12,5200;34615,8933;35481,2907;6,6398;1,2144;10,6662;5,0724;32,8134;32,0131;363,3954
12,5400;34679,9584;35546,9573;6,6500;1,2212;10,6715;5,0559;32,8333;32,0325;363,7242
12,5600;34744,0634;35612,6650;6,6601;1,2279;10,6768;5,0392;32,8538;32,0525;364,0537
12,5800;34808,2097;35678,4150;6,6702;1,2345;10,6821;5,0223;32,8750;32,0732;364,3838
12,6000;34872,3987;35744,2086;6,6803;1,2412;10,6875;5,0051;32,8968;32,0945;364,7146
12,6200;34936,6315;35810,0473;6,6904;1,2477;10,6928;4,9877;32,9193;32,1164;365,0461
12,6400;35000,9097;35875,9325;6,7005;1,2543;10,6982;4,9700;32,9426;32,1391;365,3782
12,6600;35065,2346;35941,8655;6,7105;1,2608;10,7036;4,9520;32,9665;32,1624;365,7110
12,6800;35129,6076;36007,8478;6,7205;1,2673;10,7091;4,9336;32,9912;32,1865;366,0446
12,7000;35194,0303;36073,8811;6,7305;1,2737;10,7145;4,9149;33,0166;32,2113;366,3788
12,7200;35258,5042;36139,9668;6,7405;1,2801;10,7200;4,8959;33,0428;32,2369;366,7137
12,7400;35323,0307;36206,1065;6,7505;1,2865;10,7255;4,8764;33,0699;32,2633;367,0494
12,7600;35387,6116;36272,3019;6,7604;1,2928;10,7310;4,8566;33,0977;32,2904;367,3858
12,7800;35452,2484;36338,5546;6,7703;1,2992;10,7366;4,8362;33,1264;32,3184;367,7229
12,8000;35516,9428;36404,8664;6,7802;1,3055;10,7422;4,8155;33,1559;32,3472;368,0607
12,8200;35581,6966;36471,2390;6,7901;1,3117;10,7478;4,7942;33,1863;32,3769;368,3993
12,8400;35646,5114;36537,6742;6,7999;1,3180;10,7534;4,7724;33,2176;32,4074;368,7386
12,8600;35711,3891;36604,1739;6,8097;1,3242;10,7590;4,7501;33,2498;32,4389;369,0787
12,8800;35776,3315;36670,7398;6,8195;1,3304;10,7647;4,7272;33,2830;32,4712;369,4196
12,9000;35841,3406;36737,3741;6,8293;1,3366;10,7703;4,7036;33,3171;32,5045;369,7612
12,9200;35906,4181;36804,0785;6,8391;1,3428;10,7760;4,6795;33,3522;32,5388;370,1037
12,9400;35971,5661;36870,8552;6,8488;1,3489;10,7817;4,6546;33,3883;32,5740;370,4469
12,9600;36036,7865;36937,7062;6,8585;1,3551;10,7875;4,6291;33,4255;32,6102;370,7909
12,9800;36102,0815;37004,6336;6,8682;1,3612;10,7932;4,6028;33,4637;32,6475;371,1357
13,0000;36167,4531;37071,6395;6,8778;1,3674;10,7990;4,5758;33,5030;32,6858;371,4813
13,0200;36232,9035;37138,7261;6,8874;1,3735;10,8048;4,5480;33,5433;32,7252;371,8277
13,0400;36298,4349;37205,8957;6,8970;1,3796;10,8106;4,5193;33,5848;32,7657;372,1749
13,0600;36364,0494;37273,1506;6,9066;1,3858;10,8164;4,4897;33,6274;32,8073;372,5230
13,0800;36429,7493;37340,4931;6,9162;1,3919;10,8223;4,4592;33,6712;32,8500;372,8719
13,1000;36495,5371;37407,9255;6,9257;1,3980;10,8282;4,4278;33,7162;32,8939;373,2217
13,1200;36561,4150;37475,4504;6,9352;1,4042;10,8340;4,3953;33,7624;32,9390;373,5723
13,1400;36627,3855;37543,0701;6,9447;1,4103;10,8399;4,3618;33,8099;32,9852;373,9237
13,1600;36693,4510;37610,7873;6,9541;1,4165;10,8459;4,3273;33,8586;33,0328;374,2761
13,1800;36759,6142;37678,6045;6,9635;1,4226;10,8518;4,2916;33,9086;33,0816;374,6293
13,2000;36825,8774;37746,5244;6,9729;1,4288;10,8578;4,2547;33,9599;33,1316;374,9833
13,2200;36892,2435;37814,5495;6,9823;1,4350;10,8637;4,2166;34,0126;33,1830;375,3383
13,2400;36958,7149;37882,6828;6,9916;1,4412;10,8697;4,1772;34,0666;33,2357;375,6941
13,2600;37025,2946;37950,9269;7,0009;1,4475;10,8758;4,1366;34,1221;33,2898;376,0509
13,2800;37091,9851;38019,2848;7,0102;1,4537;10,8818;4,0945;34,1789;33,3453;376,4086
13,3000;37158,7895;38087,7592;7,0194;1,4600;10,8878;4,0511;34,2372;33,4022;376,7671
13,3200;37225,7105;38156,3533;7,0287;1,4664;10,8939;4,0061;34,2970;33,4605;377,1266
13,3400;37292,7511;38225,0699;7,0379;1,4727;10,9000;3,9597;34,3583;33,5203;377,4871
13,3600;37359,9143;38293,9122;7,0470;1,4791;10,9061;3,9117;34,4211;33,5816;377,8484
13,3800;37427,2031;38362,8832;7,0562;1,4855;10,9122;3,8620;34,4855;33,6444;378,2107
13,4000;37494,6207;38431,9862;7,0653;1,4920;10,9183;3,8107;34,5515;33,7088;378,5740
13,4200;37562,1701;38501,2244;7,0743;1,4985;10,9245;3,7576;34,6191;33,7747;378,9382
13,4400;37629,8547;38570,6011;7,0834;1,5051;10,9307;3,7027;34,6883;33,8423;379,3034
13,4600;37697,6777;38640,1196;7,0924;1,5117;10,9369;3,6460;34,7593;33,9115;379,6695
13,4800;37765,6424;38709,7835;7,1014;1,5183;10,9431;3,5873;34,8319;33,9824;380,0366
13,5000;37833,7522;38779,5960;7,1103;1,5250;10,9493;3,5266;34,9063;34,0549;380,4047
